pop_age,Comp_slope,num cols,colony_ID,colony_age,num ads,numjuvs,colony_food,dispersers
1,0.1,1,1,1,4,4,0.10898058958471034,0
2,0.1,1,1,2,16,16,1.1233204457107184,0
3,0.1,1,1,3,64,64,4.52236700354965,0
4,0.1,1,1,4,256,256,73.12358928296949,0
