,numJuvs,input_slp,cal_slp,colFd,calTot,med_rnk,ass_tot,NumFdBtwn
0,100.0,0.2,0.002,50.0,50.0,49.49999999999999,49.99999999999999,100
1,100.0,0.4,0.004,50.0,49.99999999999999,49.49999999999999,50.0,100
2,100.0,0.6,0.006,50.0,50.0,49.49999999999999,49.99999999999998,100
3,100.0,0.8,0.008,50.0,49.999999999999986,49.49999999999999,50.0,100
4,100.0,1.0,0.01,50.0,50.0,49.49999999999999,50.0,100
5,100.0,1.25,0.0125,50.0,49.999999999999986,49.49999999999999,50.0,80
6,100.0,1.666667,0.016666669999999998,50.0,49.999999999999986,49.49999999999999,49.99999999999999,60
7,100.0,2.5,0.025,50.0,49.999999999999986,49.49999999999999,50.0,40
8,100.0,5.0,0.05,50.0,49.99999999999999,49.49999999999999,50.0,20
