,numJuvs,input_slp,cal_slp,colFd,calTot,med_rnk,ass_tot
0,20,0.1,0.005,10.0,9.5,8.980000000000022,9.948000000000002
1,20,1.0,0.0,10.0,10.0,9.480000000000011,9.980000000000013
