,numJuvs,input_slp,cal_slp,colFd,calTot,med_rnk,ass_tot,NumFdBtwn
0,5.0,5,1.0,0.005,0.0030180000000157637,0.010000000000031154,0.011000000000031155,1
1,5.0,5,1.0,0.5,0.4966125000000352,0.5200000000000315,0.6200000000000315,1
2,5.0,5,1.0,1.5,1.4950000000000279,1.2000000000000277,1.5000000000000275,1
3,5.0,5,1.0,2.5,2.4950000000000108,2.0000000000000107,2.5000000000000107,1
4,5.0,5,1.0,3.5,3.5049999999999937,2.7999999999999936,3.499999999999994,1
5,5.0,5,1.0,5.0,5.002487499999984,3.999999999999968,4.999999999999968,1
