,numJuvs,input_slp,cal_slp,colFd,calTot,med_rnk,ass_tot
0,40.0,0.9,0.0225,20,19.98200000000001,19.48000000000001,19.96400000000002
1,40.0,0.5,0.0125,20,19.990000000000006,19.48000000000001,19.98000000000001
2,80.0,0.9,0.01125,20,19.98098377777782,36.88000000000007,37.14200000000006
3,80.0,0.5,0.00625,20,19.96923,39.52000000000001,39.52000000000001
4,800.0,0.9,0.0011250000000000001,400,399.73,399.2,399.67999999999995
5,800.0,0.5,0.000625,400,399.85,399.2,399.69999999999993
6,1600.0,0.9,0.0005625000000000001,400,399.7147855555551,747.1999999999992,747.4299999999993
7,1600.0,0.5,0.0003125,400,399.45015,800.0,800.0
