,numJuvs,input_slp,cal_slp,colFd,calTot,med_rnk,ass_tot
0,40.0,0.9,36.0,20,19.51388888888889,19.00000000000002,19.500000000030376
1,40.0,0.5,20.0,20,19.525,19.00000000000002,19.500000000016875
2,80.0,0.9,72.0,20,19.506944444444443,18.96000000000045,19.0
3,80.0,0.5,40.0,20,19.5125,18.96000000000045,19.0
4,800.0,0.9,720.0,400,399.50069444444443,398.4,399.0
5,800.0,0.5,400.0,400,399.50125,398.4,399.0
6,1600.0,0.9,1440.0,400,399.5003472222222,398.3999999999943,399.0
7,1600.0,0.5,800.0,400,399.500625,398.3999999999943,399.0
