poplt_age,comp_type,colony_ID,colony_age,number_spiders,min_size,max_size,min_age,max_age,colony_food
1,1,1,1,2,0.91812692469220181,0.1,4,3,0.016401620963402211
2,1,1,2,3,0.93296799539643605,0.099999999999999978,5,3,0.05942200600986515
