poplt_age,comp_type,num cols,colony_ID,colony_age,number_spiders,min_size,max_size,min_age,max_age,colony_food
1,1,1,1,1,6,0.9393469340287367,0.1,4,3,0.016401620963402211
2,1,1,1,2,6,0.96321205588285574,0.099999999999999978,5,4,0.35990841729507578
3,1,1,1,3,6,0.97768698398515697,0.099999999999999978,6,5,0.35990841729507578
4,1,1,1,4,6,0.98646647167633872,0.099999999999999978,7,6,0.35990841729507578
5,1,1,1,5,6,0.99179150013761008,0.099999999999999978,8,7,0.35990841729507578
